{"myQpfmriParams":{"baselineMaxBOLDInitial":6,"baselineMaxBOLDRepeating":5,"baselineStimulus":0.5,"headroom":0.1,"maxBOLDInitialGuess":1,"maxBOLDSimulated":1.5,"maxBOLDStimulus":1,"model":["logistic","isfunc"],"noiseSD":0.1,"nOutcomes":15,"nTrials":20,"outFolder":"Results","outNum":0,"paramsDomain":{"slope":[0.063095734448019331,0.081491274690207449,0.10525002852777329,0.13593563908785256,0.17556762912750012,0.2267543125870802,0.29286445646252368,0.37824899063893852,0.4885273571519389,0.63095734448019325],"semiSat":[0.01,0.12,0.23,0.33999999999999997,0.45,0.56,0.66999999999999993,0.78,0.89,1],"beta":[0.75,0.875,0.9375,0.96875,0.984375,1,1.015625,1.03125,1.0625,1.125,1.25],"sigma":[0.01,0.12,0.23,0.33999999999999997,0.45,0.56,0.66999999999999993,0.78,0.89,1]},"qpPres":true,"seed":"choose","simulatedPsiParams":[],"stimulusDomain":[[0.5,0.54545454545454541,0.59090909090909094,0.63636363636363635,0.68181818181818188,0.72727272727272729,0.77272727272727271,0.81818181818181812,0.86363636363636365,0.90909090909090917,0.95454545454545459,1]],"stimulusDomainSpacing":"log","stimulusStructDeltaT":100,"TR":800,"trialLength":12,"fMRInoise":0.30000000000000004,"paramNamesInOrder":["slope","semiSat","beta","sigma"],"betaIndex":3,"sigmaIndex":4},"myQpParams":{"chooseRule":"best","chooseRuleN":1,"filterPsiParamsDomainFun":[],"filterStimParamsDomainFun":[],"marginalize":[],"noentropy":false,"nOutcomes":15,"priorType":"constant","psiParamsDomainList":[[0.063095734448019331,0.081491274690207449,0.10525002852777329,0.13593563908785256,0.17556762912750012,0.2267543125870802,0.29286445646252368,0.37824899063893852,0.4885273571519389,0.63095734448019325],[0.01,0.12,0.23,0.33999999999999997,0.45,0.56,0.66999999999999993,0.78,0.89,1],[0.75,0.875,0.9375,0.96875,0.984375,1,1.015625,1.03125,1.0625,1.125,1.25],[0.01,0.12,0.23,0.33999999999999997,0.45,0.56,0.66999999999999993,0.78,0.89,1]],"qpOutcomeF":["@(x)qpSimulatedObserver(x,@qpPFWeibull,[-20,3.5,.5,.02])","isfunc"],"qpPF":["@(f,p)qpModelWrapper(myQpfmriParams.model,f,p,myQpfmriParams.nOutcomes,myQpfmriParams.headroom,myQpfmriParams.betaIndex,myQpfmriParams.sigmaIndex)","isfunc"],"stimParamsDomainList":[[0.5,0.54545454545454541,0.59090909090909094,0.63636363636363635,0.68181818181818188,0.72727272727272729,0.77272727272727271,0.81818181818181812,0.86363636363636365,0.90909090909090917,0.95454545454545459,1]],"stopRule":"nTrials","verbose":false}}