slope,semiSat,beta,sigma,maxBOLD
0.492802402551635,0.997451560939699,1.00004165997173,4.10336455360448,3.05586045897098
