slope,semiSat,beta,sigma,maxBOLDSimulated
0.390769230769231,0.517692307692308,1,0.1,1.5
