slope,semiSat,beta,sigma,maxBOLD
0.467194279012213,0.501409124977636,1.00008650491058,0.329831564664346,1.39968
